"ONTOLOGY","ID","Description","GeneRatio","BgRatio","pvalue","p.adjust","qvalue","geneID","Count"
"BP","GO:2001233","regulation of apoptotic signaling pathway","5/29","348/18862",0.000171337110339155,0.152318691091509,0.117771719001545,"6201/29979/7857/653/3304",5
"BP","GO:0043161","proteasome-mediated ubiquitin-dependent protein catabolic process","5/29","425/18862",0.000431036440797076,0.154435098158391,0.119408109759552,"29979/3304/4121/57542/11059",5
"BP","GO:2001237","negative regulation of extrinsic apoptotic signaling pathway","3/29","103/18862",0.000521153312120556,0.154435098158391,0.119408109759552,"7857/653/3304",3
"BP","GO:0010498","proteasomal protein catabolic process","5/29","483/18862",0.000770293919226432,0.171197823548074,0.132368928751279,"29979/3304/4121/57542/11059",5
"BP","GO:2001236","regulation of extrinsic apoptotic signaling pathway","3/29","154/18862",0.00166889833375456,0.177750890296601,0.137435712940241,"7857/653/3304",3
"BP","GO:0019058","viral life cycle","4/29","348/18862",0.00187844206913302,0.177750890296601,0.137435712940241,"129401/5297/3304/11059",4
"BP","GO:2000058","regulation of ubiquitin-dependent protein catabolic process","3/29","161/18862",0.00189489872648166,0.177750890296601,0.137435712940241,"6201/29979/3304",3
"BP","GO:0007595","lactation","2/29","46/18862",0.00226531765050699,0.177750890296601,0.137435712940241,"139596/5066",2
"BP","GO:0042176","regulation of protein catabolic process","4/29","383/18862",0.00265982689545566,0.177750890296601,0.137435712940241,"6201/29979/3304/11059",4
"BP","GO:0031396","regulation of protein ubiquitination","3/29","205/18862",0.00375368234284127,0.177750890296601,0.137435712940241,"6201/29979/3304",3
"BP","GO:1903050","regulation of proteolysis involved in cellular protein catabolic process","3/29","215/18862",0.00428887809384893,0.177750890296601,0.137435712940241,"6201/29979/3304",3
"BP","GO:0097191","extrinsic apoptotic signaling pathway","3/29","217/18862",0.00440119760243403,0.177750890296601,0.137435712940241,"7857/653/3304",3
"BP","GO:0009896","positive regulation of catabolic process","4/29","450/18862",0.00473256260371714,0.177750890296601,0.137435712940241,"23530/29979/3304/11059",4
"BP","GO:2001234","negative regulation of apoptotic signaling pathway","3/29","224/18862",0.00480839282064918,0.177750890296601,0.137435712940241,"7857/653/3304",3
"BP","GO:0045732","positive regulation of protein catabolic process","3/29","225/18862",0.00486836505997995,0.177750890296601,0.137435712940241,"29979/3304/11059",3
"BP","GO:1903320","regulation of protein modification by small protein conjugation or removal","3/29","237/18862",0.00562368435898187,0.177750890296601,0.137435712940241,"6201/29979/3304",3
"BP","GO:0031397","negative regulation of protein ubiquitination","2/29","79/18862",0.00653525013008055,0.177750890296601,0.137435712940241,"6201/3304",2
"BP","GO:1900034","regulation of cellular response to heat","2/29","79/18862",0.00653525013008055,0.177750890296601,0.137435712940241,"129401/3304",2
"BP","GO:1990830","cellular response to leukemia inhibitory factor","2/29","79/18862",0.00653525013008055,0.177750890296601,0.137435712940241,"129401/4144",2
"BP","GO:1903362","regulation of cellular protein catabolic process","3/29","251/18862",0.0065896294707021,0.177750890296601,0.137435712940241,"6201/29979/3304",3
"BP","GO:0030433","ubiquitin-dependent ERAD pathway","2/29","80/18862",0.00669646350063259,0.177750890296601,0.137435712940241,"29979/4121",2
"BP","GO:1990823","response to leukemia inhibitory factor","2/29","80/18862",0.00669646350063259,0.177750890296601,0.137435712940241,"129401/4144",2
"BP","GO:0007589","body fluid secretion","2/29","86/18862",0.00770147609404944,0.177750890296601,0.137435712940241,"139596/5066",2
"BP","GO:0014020","primary neural tube formation","2/29","88/18862",0.00805072238476987,0.177750890296601,0.137435712940241,"6201/653",2
"BP","GO:0032436","positive regulation of proteasomal ubiquitin-dependent protein catabolic process","2/29","88/18862",0.00805072238476987,0.177750890296601,0.137435712940241,"29979/3304",2
"BP","GO:0033273","response to vitamin","2/29","89/18862",0.00822799127695379,0.177750890296601,0.137435712940241,"23530/360",2
"BP","GO:1903321","negative regulation of protein modification by small protein conjugation or removal","2/29","91/18862",0.00858779333072702,0.177750890296601,0.137435712940241,"6201/3304",2
"BP","GO:0001841","neural tube formation","2/29","96/18862",0.00951775395816133,0.177750890296601,0.137435712940241,"6201/653",2
"BP","GO:0036503","ERAD pathway","2/29","102/18862",0.0106903683344207,0.177750890296601,0.137435712940241,"29979/4121",2
"BP","GO:0045639","positive regulation of myeloid cell differentiation","2/29","102/18862",0.0106903683344207,0.177750890296601,0.137435712940241,"2778/3304",2
"BP","GO:2000060","positive regulation of ubiquitin-dependent protein catabolic process","2/29","104/18862",0.0110947910688869,0.177750890296601,0.137435712940241,"29979/3304",2
"BP","GO:0060562","epithelial tube morphogenesis","3/29","309/18862",0.0116106341849765,0.177750890296601,0.137435712940241,"6201/653/9723",3
"BP","GO:1901800","positive regulation of proteasomal protein catabolic process","2/29","109/18862",0.0121350907747875,0.177750890296601,0.137435712940241,"29979/3304",2
"BP","GO:0001838","embryonic epithelial tube formation","2/29","114/18862",0.0132166428764295,0.177750890296601,0.137435712940241,"6201/653",2
"BP","GO:0034605","cellular response to heat","2/29","120/18862",0.0145680466763867,0.177750890296601,0.137435712940241,"129401/3304",2
"BP","GO:0045047","protein targeting to ER","2/29","120/18862",0.0145680466763867,0.177750890296601,0.137435712940241,"6201/4121",2
"BP","GO:0042476","odontogenesis","2/29","123/18862",0.0152653287239511,0.177750890296601,0.137435712940241,"5066/360",2
"BP","GO:0006222","UMP biosynthetic process","1/29","10/18862",0.0152725080662431,0.177750890296601,0.137435712940241,"139596",1
"BP","GO:0007191","adenylate cyclase-activating dopamine receptor signaling pathway","1/29","10/18862",0.0152725080662431,0.177750890296601,0.137435712940241,"2778",1
"BP","GO:0009174","pyrimidine ribonucleoside monophosphate biosynthetic process","1/29","10/18862",0.0152725080662431,0.177750890296601,0.137435712940241,"139596",1
"BP","GO:0031943","regulation of glucocorticoid metabolic process","1/29","10/18862",0.0152725080662431,0.177750890296601,0.137435712940241,"653",1
"BP","GO:0032341","aldosterone metabolic process","1/29","10/18862",0.0152725080662431,0.177750890296601,0.137435712940241,"653",1
"BP","GO:0032342","aldosterone biosynthetic process","1/29","10/18862",0.0152725080662431,0.177750890296601,0.137435712940241,"653",1
"BP","GO:0032351","negative regulation of hormone metabolic process","1/29","10/18862",0.0152725080662431,0.177750890296601,0.137435712940241,"653",1
"BP","GO:0033483","gas homeostasis","1/29","10/18862",0.0152725080662431,0.177750890296601,0.137435712940241,"23530",1
"BP","GO:0034350","regulation of glial cell apoptotic process","1/29","10/18862",0.0152725080662431,0.177750890296601,0.137435712940241,"9590",1
"BP","GO:0034651","cortisol biosynthetic process","1/29","10/18862",0.0152725080662431,0.177750890296601,0.137435712940241,"653",1
"BP","GO:0044803","multi-organism membrane organization","1/29","10/18862",0.0152725080662431,0.177750890296601,0.137435712940241,"5297",1
"BP","GO:0072537","fibroblast activation","1/29","10/18862",0.0152725080662431,0.177750890296601,0.137435712940241,"9590",1
"BP","GO:0090030","regulation of steroid hormone biosynthetic process","1/29","10/18862",0.0152725080662431,0.177750890296601,0.137435712940241,"653",1
"BP","GO:1902645","tertiary alcohol biosynthetic process","1/29","10/18862",0.0152725080662431,0.177750890296601,0.137435712940241,"653",1
"BP","GO:0072599","establishment of protein localization to endoplasmic reticulum","2/29","124/18862",0.0155009192158879,0.177750890296601,0.137435712940241,"6201/4121",2
"BP","GO:0072175","epithelial tube formation","2/29","125/18862",0.0157380828502112,0.177750890296601,0.137435712940241,"6201/653",2
"BP","GO:0001666","response to hypoxia","3/29","348/18862",0.0159532084384261,0.177750890296601,0.137435712940241,"5066/29979/360",3
"BP","GO:1903052","positive regulation of proteolysis involved in cellular protein catabolic process","2/29","127/18862",0.0162171093925292,0.177750890296601,0.137435712940241,"29979/3304",2
"BP","GO:0006558","L-phenylalanine metabolic process","1/29","11/18862",0.0167873127164702,0.177750890296601,0.137435712940241,"80150",1
"BP","GO:0006559","L-phenylalanine catabolic process","1/29","11/18862",0.0167873127164702,0.177750890296601,0.137435712940241,"80150",1
"BP","GO:0010739","positive regulation of protein kinase A signaling","1/29","11/18862",0.0167873127164702,0.177750890296601,0.137435712940241,"9590",1
"BP","GO:0010918","positive regulation of mitochondrial membrane potential","1/29","11/18862",0.0167873127164702,0.177750890296601,0.137435712940241,"23530",1
"BP","GO:0031223","auditory behavior","1/29","11/18862",0.0167873127164702,0.177750890296601,0.137435712940241,"84189",1
"BP","GO:0034650","cortisol metabolic process","1/29","11/18862",0.0167873127164702,0.177750890296601,0.137435712940241,"653",1
"BP","GO:0090084","negative regulation of inclusion body assembly","1/29","11/18862",0.0167873127164702,0.177750890296601,0.137435712940241,"3304",1
"BP","GO:1902221","erythrose 4-phosphate/phosphoenolpyruvate family amino acid metabolic process","1/29","11/18862",0.0167873127164702,0.177750890296601,0.137435712940241,"80150",1
"BP","GO:1902222","erythrose 4-phosphate/phosphoenolpyruvate family amino acid catabolic process","1/29","11/18862",0.0167873127164702,0.177750890296601,0.137435712940241,"80150",1
"BP","GO:1903265","positive regulation of tumor necrosis factor-mediated signaling pathway","1/29","11/18862",0.0167873127164702,0.177750890296601,0.137435712940241,"3304",1
"BP","GO:0035264","multicellular organism growth","2/29","130/18862",0.0169473220988788,0.177750890296601,0.137435712940241,"84189/2778",2
"BP","GO:0010977","negative regulation of neuron projection development","2/29","132/18862",0.0174418541903249,0.177750890296601,0.137435712940241,"9723/1809",2
"BP","GO:0030879","mammary gland development","2/29","132/18862",0.0174418541903249,0.177750890296601,0.137435712940241,"139596/5066",2
"BP","GO:0032434","regulation of proteasomal ubiquitin-dependent protein catabolic process","2/29","132/18862",0.0174418541903249,0.177750890296601,0.137435712940241,"29979/3304",2
"BP","GO:0036293","response to decreased oxygen levels","3/29","360/18862",0.0174506329309897,0.177750890296601,0.137435712940241,"5066/29979/360",3
"BP","GO:0006465","signal peptide processing","1/29","12/18862",0.0182998673783561,0.177750890296601,0.137435712940241,"90701",1
"BP","GO:0007638","mechanosensory behavior","1/29","12/18862",0.0182998673783561,0.177750890296601,0.137435712940241,"84189",1
"BP","GO:0009886","post-embryonic animal morphogenesis","1/29","12/18862",0.0182998673783561,0.177750890296601,0.137435712940241,"2778",1
"BP","GO:0015791","polyol transport","1/29","12/18862",0.0182998673783561,0.177750890296601,0.137435712940241,"360",1
"BP","GO:0009306","protein secretion","3/29","367/18862",0.0183595475053538,0.177750890296601,0.137435712940241,"5066/7857/6833",3
"BP","GO:0035592","establishment of protein localization to extracellular region","3/29","368/18862",0.018491528674349,0.177750890296601,0.137435712940241,"5066/7857/6833",3
"BP","GO:0071692","protein localization to extracellular region","3/29","375/18862",0.0194303770525145,0.177750890296601,0.137435712940241,"5066/7857/6833",3
"BP","GO:0016331","morphogenesis of embryonic epithelium","2/29","140/18862",0.0194809122054993,0.177750890296601,0.137435712940241,"6201/653",2
"BP","GO:0035148","tube formation","2/29","140/18862",0.0194809122054993,0.177750890296601,0.137435712940241,"6201/653",2
"BP","GO:0046718","viral entry into host cell","2/29","140/18862",0.0194809122054993,0.177750890296601,0.137435712940241,"3304/11059",2
"BP","GO:0040013","negative regulation of locomotion","3/29","377/18862",0.019703439635142,0.177750890296601,0.137435712940241,"653/9723/1809",3
"BP","GO:0006705","mineralocorticoid biosynthetic process","1/29","13/18862",0.019810175274698,0.177750890296601,0.137435712940241,"653",1
"BP","GO:0008212","mineralocorticoid metabolic process","1/29","13/18862",0.019810175274698,0.177750890296601,0.137435712940241,"653",1
"BP","GO:0019755","one-carbon compound transport","1/29","13/18862",0.019810175274698,0.177750890296601,0.137435712940241,"360",1
"BP","GO:0034309","primary alcohol biosynthetic process","1/29","13/18862",0.019810175274698,0.177750890296601,0.137435712940241,"653",1
"BP","GO:0051764","actin crosslink formation","1/29","13/18862",0.019810175274698,0.177750890296601,0.137435712940241,"1809",1
"BP","GO:0070424","regulation of nucleotide-binding oligomerization domain containing signaling pathway","1/29","13/18862",0.019810175274698,0.177750890296601,0.137435712940241,"3304",1
"BP","GO:1904294","positive regulation of ERAD pathway","1/29","13/18862",0.019810175274698,0.177750890296601,0.137435712940241,"29979",1
"BP","GO:0031331","positive regulation of cellular catabolic process","3/29","384/18862",0.0206760548973671,0.177750890296601,0.137435712940241,"23530/29979/3304",3
"BP","GO:0021915","neural tube development","2/29","145/18862",0.020804030988476,0.177750890296601,0.137435712940241,"6201/653",2
"BP","GO:0070482","response to oxygen levels","3/29","385/18862",0.0208171472692839,0.177750890296601,0.137435712940241,"5066/29979/360",3
"BP","GO:0006999","nuclear pore organization","1/29","14/18862",0.0213182396238425,0.177750890296601,0.137435712940241,"129401",1
"BP","GO:0009130","pyrimidine nucleoside monophosphate biosynthetic process","1/29","14/18862",0.0213182396238425,0.177750890296601,0.137435712940241,"139596",1
"BP","GO:0009173","pyrimidine ribonucleoside monophosphate metabolic process","1/29","14/18862",0.0213182396238425,0.177750890296601,0.137435712940241,"139596",1
"BP","GO:0034349","glial cell apoptotic process","1/29","14/18862",0.0213182396238425,0.177750890296601,0.137435712940241,"9590",1
"BP","GO:0046049","UMP metabolic process","1/29","14/18862",0.0213182396238425,0.177750890296601,0.137435712940241,"139596",1
"BP","GO:0050930","induction of positive chemotaxis","1/29","14/18862",0.0213182396238425,0.177750890296601,0.137435712940241,"7857",1
"BP","GO:0060004","reflex","1/29","14/18862",0.0213182396238425,0.177750890296601,0.137435712940241,"84189",1
"BP","GO:1903364","positive regulation of cellular protein catabolic process","2/29","150/18862",0.0221638885756547,0.177750890296601,0.137435712940241,"29979/3304",2
"BP","GO:0070972","protein localization to endoplasmic reticulum","2/29","152/18862",0.022717983952493,0.177750890296601,0.137435712940241,"6201/4121",2
"BP","GO:0009404","toxin metabolic process","1/29","15/18862",0.0228240636397015,0.177750890296601,0.137435712940241,"5066",1
"BP","GO:0010763","positive regulation of fibroblast migration","1/29","15/18862",0.0228240636397015,0.177750890296601,0.137435712940241,"9590",1
"BP","GO:0046184","aldehyde biosynthetic process","1/29","15/18862",0.0228240636397015,0.177750890296601,0.137435712940241,"653",1
"BP","GO:0046500","S-adenosylmethionine metabolic process","1/29","15/18862",0.0228240636397015,0.177750890296601,0.137435712940241,"4144",1
"BP","GO:0051770","positive regulation of nitric-oxide synthase biosynthetic process","1/29","15/18862",0.0228240636397015,0.177750890296601,0.137435712940241,"9590",1
"BP","GO:1900006","positive regulation of dendrite development","1/29","15/18862",0.0228240636397015,0.177750890296601,0.137435712940241,"653",1
"BP","GO:0010976","positive regulation of neuron projection development","2/29","153/18862",0.0229971880603901,0.177750890296601,0.137435712940241,"653/1809",2
"BP","GO:0044409","entry into host","2/29","153/18862",0.0229971880603901,0.177750890296601,0.137435712940241,"3304/11059",2
"BP","GO:0002790","peptide secretion","3/29","401/18862",0.0231477499871495,0.177750890296601,0.137435712940241,"5066/7857/6833",3
"BP","GO:0002093","auditory receptor cell morphogenesis","1/29","16/18862",0.0243276505317506,0.177750890296601,0.137435712940241,"84189",1
"BP","GO:0044764","multi-organism cellular process","1/29","16/18862",0.0243276505317506,0.177750890296601,0.137435712940241,"5297",1
"BP","GO:0045838","positive regulation of membrane potential","1/29","16/18862",0.0243276505317506,0.177750890296601,0.137435712940241,"23530",1
"BP","GO:0051444","negative regulation of ubiquitin-protein transferase activity","1/29","16/18862",0.0243276505317506,0.177750890296601,0.137435712940241,"6201",1
"BP","GO:0070431","nucleotide-binding oligomerization domain containing 2 signaling pathway","1/29","16/18862",0.0243276505317506,0.177750890296601,0.137435712940241,"3304",1
"BP","GO:0090036","regulation of protein kinase C signaling","1/29","16/18862",0.0243276505317506,0.177750890296601,0.137435712940241,"9590",1
"BP","GO:0090083","regulation of inclusion body assembly","1/29","16/18862",0.0243276505317506,0.177750890296601,0.137435712940241,"3304",1
"BP","GO:1902931","negative regulation of alcohol biosynthetic process","1/29","16/18862",0.0243276505317506,0.177750890296601,0.137435712940241,"653",1
"BP","GO:0048568","embryonic organ development","3/29","412/18862",0.0248299819730574,0.177750890296601,0.137435712940241,"84189/2778/653",3
"BP","GO:2001242","regulation of intrinsic apoptotic signaling pathway","2/29","160/18862",0.0249914283383167,0.177750890296601,0.137435712940241,"6201/29979",2
"BP","GO:0009408","response to heat","2/29","161/18862",0.0252819507233711,0.177750890296601,0.137435712940241,"129401/3304",2
"BP","GO:0010566","regulation of ketone biosynthetic process","1/29","17/18862",0.0258290035050381,0.177750890296601,0.137435712940241,"653",1
"BP","GO:0043116","negative regulation of vascular permeability","1/29","17/18862",0.0258290035050381,0.177750890296601,0.137435712940241,"9590",1
"BP","GO:0051382","kinetochore assembly","1/29","17/18862",0.0258290035050381,0.177750890296601,0.137435712940241,"23126",1
"BP","GO:0007584","response to nutrient","2/29","165/18862",0.0264579307376376,0.177750890296601,0.137435712940241,"23530/360",2
"BP","GO:0048736","appendage development","2/29","167/18862",0.0270541901405465,0.177750890296601,0.137435712940241,"5066/2778",2
"BP","GO:0060173","limb development","2/29","167/18862",0.0270541901405465,0.177750890296601,0.137435712940241,"5066/2778",2
"BP","GO:0006704","glucocorticoid biosynthetic process","1/29","18/18862",0.0273281257601908,0.177750890296601,0.137435712940241,"653",1
"BP","GO:0006740","NADPH regeneration","1/29","18/18862",0.0273281257601908,0.177750890296601,0.137435712940241,"23530",1
"BP","GO:0070293","renal absorption","1/29","18/18862",0.0273281257601908,0.177750890296601,0.137435712940241,"360",1
"BP","GO:1901673","regulation of mitotic spindle assembly","1/29","18/18862",0.0273281257601908,0.177750890296601,0.137435712940241,"3304",1
"BP","GO:0010975","regulation of neuron projection development","3/29","428/18862",0.0273932254793656,0.177750890296601,0.137435712940241,"653/9723/1809",3
"BP","GO:0006491","N-glycan processing","1/29","19/18862",0.0288250204934193,0.177750890296601,0.137435712940241,"4121",1
"BP","GO:0009129","pyrimidine nucleoside monophosphate metabolic process","1/29","19/18862",0.0288250204934193,0.177750890296601,0.137435712940241,"139596",1
"BP","GO:0048245","eosinophil chemotaxis","1/29","19/18862",0.0288250204934193,0.177750890296601,0.137435712940241,"7857",1
"BP","GO:0060117","auditory receptor cell development","1/29","19/18862",0.0288250204934193,0.177750890296601,0.137435712940241,"84189",1
"BP","GO:1904292","regulation of ERAD pathway","1/29","19/18862",0.0288250204934193,0.177750890296601,0.137435712940241,"29979",1
"BP","GO:0052126","movement in host environment","2/29","175/18862",0.0294934989272594,0.177750890296601,0.137435712940241,"3304/11059",2
"BP","GO:0007565","female pregnancy","2/29","177/18862",0.0301167116345969,0.177750890296601,0.137435712940241,"139596/5066",2
"BP","GO:0003323","type B pancreatic cell development","1/29","20/18862",0.0303196908965238,0.177750890296601,0.137435712940241,"653",1
"BP","GO:0006607","NLS-bearing protein import into nucleus","1/29","20/18862",0.0303196908965238,0.177750890296601,0.137435712940241,"129401",1
"BP","GO:0009074","aromatic amino acid family catabolic process","1/29","20/18862",0.0303196908965238,0.177750890296601,0.137435712940241,"80150",1
"BP","GO:0010310","regulation of hydrogen peroxide metabolic process","1/29","20/18862",0.0303196908965238,0.177750890296601,0.137435712940241,"23530",1
"BP","GO:0046885","regulation of hormone biosynthetic process","1/29","20/18862",0.0303196908965238,0.177750890296601,0.137435712940241,"653",1
"BP","GO:0051767","nitric-oxide synthase biosynthetic process","1/29","20/18862",0.0303196908965238,0.177750890296601,0.137435712940241,"9590",1
"BP","GO:0051769","regulation of nitric-oxide synthase biosynthetic process","1/29","20/18862",0.0303196908965238,0.177750890296601,0.137435712940241,"9590",1
"BP","GO:0060039","pericardium development","1/29","20/18862",0.0303196908965238,0.177750890296601,0.137435712940241,"653",1
"BP","GO:0060713","labyrinthine layer morphogenesis","1/29","20/18862",0.0303196908965238,0.177750890296601,0.137435712940241,"653",1
"BP","GO:1902644","tertiary alcohol metabolic process","1/29","20/18862",0.0303196908965238,0.177750890296601,0.137435712940241,"653",1
"BP","GO:0019083","viral transcription","2/29","180/18862",0.0310614229353382,0.177750890296601,0.137435712940241,"129401/6201",2
"BP","GO:0031345","negative regulation of cell projection organization","2/29","180/18862",0.0310614229353382,0.177750890296601,0.137435712940241,"9723/1809",2
"BP","GO:0061136","regulation of proteasomal protein catabolic process","2/29","182/18862",0.0316977729970408,0.177750890296601,0.137435712940241,"29979/3304",2
"BP","GO:0006833","water transport","1/29","21/18862",0.031812140156899,0.177750890296601,0.137435712940241,"360",1
"BP","GO:0036507","protein demannosylation","1/29","21/18862",0.031812140156899,0.177750890296601,0.137435712940241,"4121",1
"BP","GO:0036508","protein alpha-1,2-demannosylation","1/29","21/18862",0.031812140156899,0.177750890296601,0.137435712940241,"4121",1
"BP","GO:0030308","negative regulation of cell growth","2/29","185/18862",0.0326620227174522,0.177750890296601,0.137435712940241,"3304/9723",2
"BP","GO:0051216","cartilage development","2/29","185/18862",0.0326620227174522,0.177750890296601,0.137435712940241,"2778/653",2
"BP","GO:0009220","pyrimidine ribonucleotide biosynthetic process","1/29","22/18862",0.0333023714575442,0.177750890296601,0.137435712940241,"139596",1
"BP","GO:0051383","kinetochore organization","1/29","22/18862",0.0333023714575442,0.177750890296601,0.137435712940241,"23126",1
"BP","GO:1901798","positive regulation of signal transduction by p53 class mediator","1/29","22/18862",0.0333023714575442,0.177750890296601,0.137435712940241,"6201",1
"BP","GO:0050821","protein stabilization","2/29","191/18862",0.0346250928384689,0.177750890296601,0.137435712940241,"6201/3304",2
"BP","GO:1901605","alpha-amino acid metabolic process","2/29","191/18862",0.0346250928384689,0.177750890296601,0.137435712940241,"84680/80150",2
"BP","GO:0001964","startle response","1/29","23/18862",0.0347903879770625,0.177750890296601,0.137435712940241,"84189",1
"BP","GO:0009068","aspartate family amino acid catabolic process","1/29","23/18862",0.0347903879770625,0.177750890296601,0.137435712940241,"80150",1
"BP","GO:0010738","regulation of protein kinase A signaling","1/29","23/18862",0.0347903879770625,0.177750890296601,0.137435712940241,"9590",1
"BP","GO:0010996","response to auditory stimulus","1/29","23/18862",0.0347903879770625,0.177750890296601,0.137435712940241,"84189",1
"BP","GO:0042026","protein refolding","1/29","23/18862",0.0347903879770625,0.177750890296601,0.137435712940241,"3304",1
"BP","GO:0060384","innervation","1/29","23/18862",0.0347903879770625,0.177750890296601,0.137435712940241,"84189",1
"BP","GO:0060571","morphogenesis of an epithelial fold","1/29","23/18862",0.0347903879770625,0.177750890296601,0.137435712940241,"653",1
"BP","GO:0070841","inclusion body assembly","1/29","23/18862",0.0347903879770625,0.177750890296601,0.137435712940241,"3304",1
"BP","GO:0071577","zinc ion transmembrane transport","1/29","23/18862",0.0347903879770625,0.177750890296601,0.137435712940241,"25800",1
"BP","GO:0071676","negative regulation of mononuclear cell migration","1/29","23/18862",0.0347903879770625,0.177750890296601,0.137435712940241,"653",1
"BP","GO:0072677","eosinophil migration","1/29","23/18862",0.0347903879770625,0.177750890296601,0.137435712940241,"7857",1
"BP","GO:0120255","olefinic compound biosynthetic process","1/29","23/18862",0.0347903879770625,0.177750890296601,0.137435712940241,"653",1
"BP","GO:1904666","regulation of ubiquitin protein ligase activity","1/29","23/18862",0.0347903879770625,0.177750890296601,0.137435712940241,"6201",1
"BP","GO:0001667","ameboidal-type cell migration","3/29","473/18862",0.0353398692989836,0.178174229165299,0.137763035515885,"7857/9590/9723",3
"BP","GO:0003272","endocardial cushion formation","1/29","24/18862",0.0362761928896729,0.178174229165299,0.137763035515885,"653",1
"BP","GO:0003309","type B pancreatic cell differentiation","1/29","24/18862",0.0362761928896729,0.178174229165299,0.137763035515885,"653",1
"BP","GO:0043567","regulation of insulin-like growth factor receptor signaling pathway","1/29","24/18862",0.0362761928896729,0.178174229165299,0.137763035515885,"653",1
"BP","GO:0051291","protein heterooligomerization","1/29","24/18862",0.0362761928896729,0.178174229165299,0.137763035515885,"4144",1
"BP","GO:0060037","pharyngeal system development","1/29","24/18862",0.0362761928896729,0.178174229165299,0.137763035515885,"653",1
"BP","GO:0060669","embryonic placenta morphogenesis","1/29","24/18862",0.0362761928896729,0.178174229165299,0.137763035515885,"653",1
"BP","GO:0019080","viral gene expression","2/29","198/18862",0.0369725363189481,0.17951044249023,0.138796186070831,"129401/6201",2
"BP","GO:0002068","glandular epithelial cell development","1/29","25/18862",0.0377597893652114,0.17951044249023,0.138796186070831,"653",1
"BP","GO:0008211","glucocorticoid metabolic process","1/29","25/18862",0.0377597893652114,0.17951044249023,0.138796186070831,"653",1
"BP","GO:0050927","positive regulation of positive chemotaxis","1/29","25/18862",0.0377597893652114,0.17951044249023,0.138796186070831,"7857",1
"BP","GO:0071514","genetic imprinting","1/29","25/18862",0.0377597893652114,0.17951044249023,0.138796186070831,"2778",1
"BP","GO:0090169","regulation of spindle assembly","1/29","25/18862",0.0377597893652114,0.17951044249023,0.138796186070831,"3304",1
"BP","GO:0050679","positive regulation of epithelial cell proliferation","2/29","203/18862",0.0386862132467577,0.180753417232984,0.139757245223064,"7857/653",2
"BP","GO:0044706","multi-multicellular organism process","2/29","204/18862",0.0390325860883976,0.180753417232984,0.139757245223064,"139596/5066",2
"BP","GO:0006700","C21-steroid hormone biosynthetic process","1/29","26/18862",0.0392411805691405,0.180753417232984,0.139757245223064,"653",1
"BP","GO:0010894","negative regulation of steroid biosynthetic process","1/29","26/18862",0.0392411805691405,0.180753417232984,0.139757245223064,"653",1
"BP","GO:0048843","negative regulation of axon extension involved in axon guidance","1/29","26/18862",0.0392411805691405,0.180753417232984,0.139757245223064,"9723",1
"BP","GO:0050926","regulation of positive chemotaxis","1/29","26/18862",0.0392411805691405,0.180753417232984,0.139757245223064,"7857",1
"BP","GO:0071456","cellular response to hypoxia","2/29","206/18862",0.0397289352329437,0.181002043150043,0.139949480998138,"29979/360",2
"BP","GO:0002064","epithelial cell development","2/29","207/18862",0.040078903079434,0.181002043150043,0.139949480998138,"84189/653",2
"BP","GO:0006829","zinc ion transport","1/29","27/18862",0.0407203696625518,0.181002043150043,0.139949480998138,"25800",1
"BP","GO:0007064","mitotic sister chromatid cohesion","1/29","27/18862",0.0407203696625518,0.181002043150043,0.139949480998138,"23126",1
"BP","GO:0009065","glutamine family amino acid catabolic process","1/29","27/18862",0.0407203696625518,0.181002043150043,0.139949480998138,"80150",1
"BP","GO:0035116","embryonic hindlimb morphogenesis","1/29","27/18862",0.0407203696625518,0.181002043150043,0.139949480998138,"2778",1
"BP","GO:0045672","positive regulation of osteoclast differentiation","1/29","27/18862",0.0407203696625518,0.181002043150043,0.139949480998138,"2778",1
"BP","GO:0001958","endochondral ossification","1/29","28/18862",0.0421973598021745,0.182104140117151,0.1408016144651,"2778",1
"BP","GO:0006516","glycoprotein catabolic process","1/29","28/18862",0.0421973598021745,0.182104140117151,0.1408016144651,"4121",1
"BP","GO:0035883","enteroendocrine cell differentiation","1/29","28/18862",0.0421973598021745,0.182104140117151,0.1408016144651,"653",1
"BP","GO:0036075","replacement ossification","1/29","28/18862",0.0421973598021745,0.182104140117151,0.1408016144651,"2778",1
"BP","GO:1902175","regulation of oxidative stress-induced intrinsic apoptotic signaling pathway","1/29","28/18862",0.0421973598021745,0.182104140117151,0.1408016144651,"29979",1
"BP","GO:1902253","regulation of intrinsic apoptotic signaling pathway by p53 class mediator","1/29","28/18862",0.0421973598021745,0.182104140117151,0.1408016144651,"6201",1
"BP","GO:0036294","cellular response to decreased oxygen levels","2/29","214/18862",0.0425617602219683,0.182789395349419,0.141331448893696,"29979/360",2
"BP","GO:0006517","protein deglycosylation","1/29","29/18862",0.0436721541403784,0.183606569504787,0.141963282087059,"4121",1
"BP","GO:0009218","pyrimidine ribonucleotide metabolic process","1/29","29/18862",0.0436721541403784,0.183606569504787,0.141963282087059,"139596",1
"BP","GO:0031116","positive regulation of microtubule polymerization","1/29","29/18862",0.0436721541403784,0.183606569504787,0.141963282087059,"3304",1
"BP","GO:0045939","negative regulation of steroid metabolic process","1/29","29/18862",0.0436721541403784,0.183606569504787,0.141963282087059,"653",1
"BP","GO:0051701","biological process involved in interaction with host","2/29","219/18862",0.0443701330423732,0.183606569504787,0.141963282087059,"3304/11059",2
"BP","GO:0006221","pyrimidine nucleotide biosynthetic process","1/29","30/18862",0.0451447558251832,0.183606569504787,0.141963282087059,"139596",1
"BP","GO:0007020","microtubule nucleation","1/29","30/18862",0.0451447558251832,0.183606569504787,0.141963282087059,"3304",1
"BP","GO:0051491","positive regulation of filopodium assembly","1/29","30/18862",0.0451447558251832,0.183606569504787,0.141963282087059,"1809",1
"BP","GO:0061384","heart trabecula morphogenesis","1/29","30/18862",0.0451447558251832,0.183606569504787,0.141963282087059,"653",1
"BP","GO:0070528","protein kinase C signaling","1/29","30/18862",0.0451447558251832,0.183606569504787,0.141963282087059,"9590",1
"BP","GO:0050920","regulation of chemotaxis","2/29","224/18862",0.0462070075112623,0.183606569504787,0.141963282087059,"7857/9723",2
"BP","GO:0042044","fluid transport","1/29","31/18862",0.0466151680002613,0.183606569504787,0.141963282087059,"360",1
"BP","GO:0042744","hydrogen peroxide catabolic process","1/29","31/18862",0.0466151680002613,0.183606569504787,0.141963282087059,"23530",1
"BP","GO:0099174","regulation of presynapse organization","1/29","31/18862",0.0466151680002613,0.183606569504787,0.141963282087059,"84189",1
"BP","GO:1905606","regulation of presynapse assembly","1/29","31/18862",0.0466151680002613,0.183606569504787,0.141963282087059,"84189",1
"BP","GO:0032886","regulation of microtubule-based process","2/29","227/18862",0.0473226007997544,0.183606569504787,0.141963282087059,"3304/57542",2
"BP","GO:0009266","response to temperature stimulus","2/29","228/18862",0.0476966857049555,0.183606569504787,0.141963282087059,"129401/3304",2
"BP","GO:0009072","aromatic amino acid family metabolic process","1/29","32/18862",0.0480833938049449,0.183606569504787,0.141963282087059,"80150",1
"BP","GO:0045648","positive regulation of erythrocyte differentiation","1/29","32/18862",0.0480833938049449,0.183606569504787,0.141963282087059,"3304",1
"BP","GO:0048841","regulation of axon extension involved in axon guidance","1/29","32/18862",0.0480833938049449,0.183606569504787,0.141963282087059,"9723",1
"BP","GO:1901099","negative regulation of signal transduction in absence of ligand","1/29","32/18862",0.0480833938049449,0.183606569504787,0.141963282087059,"3304",1
"BP","GO:2001240","negative regulation of extrinsic apoptotic signaling pathway in absence of ligand","1/29","32/18862",0.0480833938049449,0.183606569504787,0.141963282087059,"3304",1
"BP","GO:0007188","adenylate cyclase-modulating G protein-coupled receptor signaling pathway","2/29","230/18862",0.048448162085653,0.183606569504787,0.141963282087059,"2778/9590",2
"BP","GO:0048762","mesenchymal cell differentiation","2/29","231/18862",0.0488255455448401,0.183606569504787,0.141963282087059,"653/9723",2
"BP","GO:0071453","cellular response to oxygen levels","2/29","231/18862",0.0488255455448401,0.183606569504787,0.141963282087059,"29979/360",2
"BP","GO:0003203","endocardial cushion morphogenesis","1/29","33/18862",0.0495494363742306,0.183606569504787,0.141963282087059,"653",1
"BP","GO:0031112","positive regulation of microtubule polymerization or depolymerization","1/29","33/18862",0.0495494363742306,0.183606569504787,0.141963282087059,"3304",1
"BP","GO:0032350","regulation of hormone metabolic process","1/29","33/18862",0.0495494363742306,0.183606569504787,0.141963282087059,"653",1
"BP","GO:1901020","negative regulation of calcium ion transmembrane transporter activity","1/29","33/18862",0.0495494363742306,0.183606569504787,0.141963282087059,"29979",1
"BP","GO:0001569","branching involved in blood vessel morphogenesis","1/29","34/18862",0.0510132988387878,0.183606569504787,0.141963282087059,"9723",1
"BP","GO:0006099","tricarboxylic acid cycle","1/29","34/18862",0.0510132988387878,0.183606569504787,0.141963282087059,"23530",1
"BP","GO:0006409","tRNA export from nucleus","1/29","34/18862",0.0510132988387878,0.183606569504787,0.141963282087059,"129401",1
"BP","GO:0009156","ribonucleoside monophosphate biosynthetic process","1/29","34/18862",0.0510132988387878,0.183606569504787,0.141963282087059,"139596",1
"BP","GO:0033280","response to vitamin D","1/29","34/18862",0.0510132988387878,0.183606569504787,0.141963282087059,"360",1
"BP","GO:0035137","hindlimb morphogenesis","1/29","34/18862",0.0510132988387878,0.183606569504787,0.141963282087059,"2778",1
"BP","GO:0042491","inner ear auditory receptor cell differentiation","1/29","34/18862",0.0510132988387878,0.183606569504787,0.141963282087059,"84189",1
"BP","GO:0044060","regulation of endocrine process","1/29","34/18862",0.0510132988387878,0.183606569504787,0.141963282087059,"2778",1
"BP","GO:0051085","chaperone cofactor-dependent protein refolding","1/29","34/18862",0.0510132988387878,0.183606569504787,0.141963282087059,"3304",1
"BP","GO:0071431","tRNA-containing ribonucleoprotein complex export from nucleus","1/29","34/18862",0.0510132988387878,0.183606569504787,0.141963282087059,"129401",1
"BP","GO:2000352","negative regulation of endothelial cell apoptotic process","1/29","34/18862",0.0510132988387878,0.183606569504787,0.141963282087059,"7857",1
"BP","GO:0006739","NADP metabolic process","1/29","35/18862",0.0524749843249614,0.184388383655695,0.142567775178697,"23530",1
"BP","GO:0010762","regulation of fibroblast migration","1/29","35/18862",0.0524749843249614,0.184388383655695,0.142567775178697,"9590",1
"BP","GO:0039694","viral RNA genome replication","1/29","35/18862",0.0524749843249614,0.184388383655695,0.142567775178697,"5297",1
"BP","GO:0048009","insulin-like growth factor receptor signaling pathway","1/29","35/18862",0.0524749843249614,0.184388383655695,0.142567775178697,"653",1
"BP","GO:0060236","regulation of mitotic spindle organization","1/29","35/18862",0.0524749843249614,0.184388383655695,0.142567775178697,"3304",1
"BP","GO:1905898","positive regulation of response to endoplasmic reticulum stress","1/29","35/18862",0.0524749843249614,0.184388383655695,0.142567775178697,"29979",1
"BP","GO:0061448","connective tissue development","2/29","243/18862",0.0534381517715063,0.187033531200272,0.144612984280123,"2778/653",2
"BP","GO:0045926","negative regulation of growth","2/29","245/18862",0.0542217218091636,0.189031806620967,0.146158036496941,"3304/9723",2
"BP","GO:0010737","protein kinase A signaling","1/29","37/18862",0.0553918368459566,0.190128737282067,0.147006175413167,"9590",1
"BP","GO:0048846","axon extension involved in axon guidance","1/29","37/18862",0.0553918368459566,0.190128737282067,0.147006175413167,"9723",1
"BP","GO:0051031","tRNA transport","1/29","37/18862",0.0553918368459566,0.190128737282067,0.147006175413167,"129401",1
"BP","GO:1902284","neuron projection extension involved in neuron projection guidance","1/29","37/18862",0.0553918368459566,0.190128737282067,0.147006175413167,"9723",1
"BP","GO:0003091","renal water homeostasis","1/29","38/18862",0.0568470101119045,0.191196068726879,0.147831428427745,"360",1
"BP","GO:0006882","cellular zinc ion homeostasis","1/29","38/18862",0.0568470101119045,0.191196068726879,0.147831428427745,"25800",1
"BP","GO:0097064","ncRNA export from nucleus","1/29","38/18862",0.0568470101119045,0.191196068726879,0.147831428427745,"129401",1
"BP","GO:2000249","regulation of actin cytoskeleton reorganization","1/29","38/18862",0.0568470101119045,0.191196068726879,0.147831428427745,"9723",1
"BP","GO:0002066","columnar/cuboidal epithelial cell development","1/29","39/18862",0.0583000188617322,0.191196068726879,0.147831428427745,"653",1
"BP","GO:0051084","'de novo' posttranslational protein folding","1/29","39/18862",0.0583000188617322,0.191196068726879,0.147831428427745,"3304",1
"BP","GO:0090224","regulation of spindle organization","1/29","39/18862",0.0583000188617322,0.191196068726879,0.147831428427745,"3304",1
"BP","GO:1903170","negative regulation of calcium ion transmembrane transport","1/29","39/18862",0.0583000188617322,0.191196068726879,0.147831428427745,"29979",1
"BP","GO:0045637","regulation of myeloid cell differentiation","2/29","258/18862",0.0594146157746505,0.191196068726879,0.147831428427745,"2778/3304",2
"BP","GO:0006730","one-carbon metabolic process","1/29","40/18862",0.0597508662002548,0.191196068726879,0.147831428427745,"4144",1
"BP","GO:0007212","dopamine receptor signaling pathway","1/29","40/18862",0.0597508662002548,0.191196068726879,0.147831428427745,"2778",1
"BP","GO:0008207","C21-steroid hormone metabolic process","1/29","40/18862",0.0597508662002548,0.191196068726879,0.147831428427745,"653",1
"BP","GO:0010719","negative regulation of epithelial to mesenchymal transition","1/29","40/18862",0.0597508662002548,0.191196068726879,0.147831428427745,"653",1
"BP","GO:0055069","zinc ion homeostasis","1/29","40/18862",0.0597508662002548,0.191196068726879,0.147831428427745,"25800",1
"BP","GO:0070423","nucleotide-binding oligomerization domain containing signaling pathway","1/29","40/18862",0.0597508662002548,0.191196068726879,0.147831428427745,"3304",1
"BP","GO:0071526","semaphorin-plexin signaling pathway","1/29","40/18862",0.0597508662002548,0.191196068726879,0.147831428427745,"9723",1
"BP","GO:0072528","pyrimidine-containing compound biosynthetic process","1/29","40/18862",0.0597508662002548,0.191196068726879,0.147831428427745,"139596",1
"BP","GO:0046883","regulation of hormone secretion","2/29","260/18862",0.0602285353624516,0.191196068726879,0.147831428427745,"2778/6833",2
"BP","GO:0001953","negative regulation of cell-matrix adhesion","1/29","41/18862",0.0611995552279984,0.191196068726879,0.147831428427745,"9723",1
"BP","GO:0009268","response to pH","1/29","41/18862",0.0611995552279984,0.191196068726879,0.147831428427745,"5066",1
"BP","GO:0035872","nucleotide-binding domain, leucine rich repeat containing receptor signaling pathway","1/29","41/18862",0.0611995552279984,0.191196068726879,0.147831428427745,"3304",1
"BP","GO:0051602","response to electrical stimulus","1/29","41/18862",0.0611995552279984,0.191196068726879,0.147831428427745,"9590",1
"BP","GO:0060119","inner ear receptor cell development","1/29","41/18862",0.0611995552279984,0.191196068726879,0.147831428427745,"84189",1
"BP","GO:0097352","autophagosome maturation","1/29","41/18862",0.0611995552279984,0.191196068726879,0.147831428427745,"29979",1
"BP","GO:1902042","negative regulation of extrinsic apoptotic signaling pathway via death domain receptors","1/29","41/18862",0.0611995552279984,0.191196068726879,0.147831428427745,"653",1
"BP","GO:0003197","endocardial cushion development","1/29","42/18862",0.0626460890412065,0.191196068726879,0.147831428427745,"653",1
"BP","GO:0042181","ketone biosynthetic process","1/29","42/18862",0.0626460890412065,0.191196068726879,0.147831428427745,"653",1
"BP","GO:0043114","regulation of vascular permeability","1/29","42/18862",0.0626460890412065,0.191196068726879,0.147831428427745,"9590",1
"BP","GO:0045616","regulation of keratinocyte differentiation","1/29","42/18862",0.0626460890412065,0.191196068726879,0.147831428427745,"360",1
"BP","GO:0046688","response to copper ion","1/29","42/18862",0.0626460890412065,0.191196068726879,0.147831428427745,"5066",1
"BP","GO:0062208","positive regulation of pattern recognition receptor signaling pathway","1/29","42/18862",0.0626460890412065,0.191196068726879,0.147831428427745,"3304",1
"BP","GO:2001239","regulation of extrinsic apoptotic signaling pathway in absence of ligand","1/29","42/18862",0.0626460890412065,0.191196068726879,0.147831428427745,"3304",1
"BP","GO:0006458","'de novo' protein folding","1/29","43/18862",0.0640904707318447,0.191196068726879,0.147831428427745,"3304",1
"BP","GO:0009124","nucleoside monophosphate biosynthetic process","1/29","43/18862",0.0640904707318447,0.191196068726879,0.147831428427745,"139596",1
"BP","GO:0022602","ovulation cycle process","1/29","43/18862",0.0640904707318447,0.191196068726879,0.147831428427745,"5066",1
"BP","GO:0030517","negative regulation of axon extension","1/29","43/18862",0.0640904707318447,0.191196068726879,0.147831428427745,"9723",1
"BP","GO:0035315","hair cell differentiation","1/29","43/18862",0.0640904707318447,0.191196068726879,0.147831428427745,"84189",1
"BP","GO:0045454","cell redox homeostasis","1/29","43/18862",0.0640904707318447,0.191196068726879,0.147831428427745,"23530",1
"BP","GO:0061383","trabecula morphogenesis","1/29","43/18862",0.0640904707318447,0.191196068726879,0.147831428427745,"653",1
"BP","GO:0008631","intrinsic apoptotic signaling pathway in response to oxidative stress","1/29","44/18862",0.065532703387606,0.193550077447115,0.149651531079233,"29979",1
"BP","GO:0010761","fibroblast migration","1/29","44/18862",0.065532703387606,0.193550077447115,0.149651531079233,"9590",1
"BP","GO:0060711","labyrinthine layer development","1/29","44/18862",0.065532703387606,0.193550077447115,0.149651531079233,"653",1
"BP","GO:0021545","cranial nerve development","1/29","45/18862",0.0669727900919189,0.193685167064942,0.149755981402412,"84189",1
"BP","GO:0031018","endocrine pancreas development","1/29","45/18862",0.0669727900919189,0.193685167064942,0.149755981402412,"653",1
"BP","GO:0048701","embryonic cranial skeleton morphogenesis","1/29","45/18862",0.0669727900919189,0.193685167064942,0.149755981402412,"2778",1
"BP","GO:0060986","endocrine hormone secretion","1/29","45/18862",0.0669727900919189,0.193685167064942,0.149755981402412,"2778",1
"BP","GO:0090102","cochlea development","1/29","45/18862",0.0669727900919189,0.193685167064942,0.149755981402412,"84189",1
"BP","GO:0048562","embryonic organ morphogenesis","2/29","277/18862",0.0673020502743916,0.193685167064942,0.149755981402412,"84189/2778",2
"BP","GO:0015980","energy derivation by oxidation of organic compounds","2/29","278/18862",0.0677265680868395,0.193685167064942,0.149755981402412,"23530/2778",2
"BP","GO:0050708","regulation of protein secretion","2/29","279/18862",0.0681519994618889,0.193685167064942,0.149755981402412,"5066/6833",2
"BP","GO:0002686","negative regulation of leukocyte migration","1/29","46/18862",0.0684107339239503,0.193685167064942,0.149755981402412,"653",1
"BP","GO:0010171","body morphogenesis","1/29","46/18862",0.0684107339239503,0.193685167064942,0.149755981402412,"2778",1
"BP","GO:0050919","negative chemotaxis","1/29","46/18862",0.0684107339239503,0.193685167064942,0.149755981402412,"9723",1
"BP","GO:0051489","regulation of filopodium assembly","1/29","46/18862",0.0684107339239503,0.193685167064942,0.149755981402412,"1809",1
"BP","GO:2001258","negative regulation of cation channel activity","1/29","46/18862",0.0684107339239503,0.193685167064942,0.149755981402412,"29979",1
"BP","GO:0045646","regulation of erythrocyte differentiation","1/29","47/18862",0.0698465379586124,0.195924351570523,0.151487302795041,"3304",1
"BP","GO:0099054","presynapse assembly","1/29","47/18862",0.0698465379586124,0.195924351570523,0.151487302795041,"84189",1
"BP","GO:0097193","intrinsic apoptotic signaling pathway","2/29","283/18862",0.069862789030209,0.195924351570523,0.151487302795041,"6201/29979",2
"BP","GO:0002067","glandular epithelial cell differentiation","1/29","48/18862",0.071280205266569,0.198646089285203,0.153591730866423,"653",1
"BP","GO:0010862","positive regulation of pathway-restricted SMAD protein phosphorylation","1/29","48/18862",0.071280205266569,0.198646089285203,0.153591730866423,"653",1
"BP","GO:0060485","mesenchyme development","2/29","287/18862",0.0715879103459714,0.198880163429902,0.153772715315524,"653/9723",2
"BP","GO:0001961","positive regulation of cytokine-mediated signaling pathway","1/29","49/18862",0.0727117389142392,0.199508444119625,0.154258497436641,"3304",1
"BP","GO:0072132","mesenchyme morphogenesis","1/29","49/18862",0.0727117389142392,0.199508444119625,0.154258497436641,"653",1
"BP","GO:0120178","steroid hormone biosynthetic process","1/29","49/18862",0.0727117389142392,0.199508444119625,0.154258497436641,"653",1
"BP","GO:2000059","negative regulation of ubiquitin-dependent protein catabolic process","1/29","49/18862",0.0727117389142392,0.199508444119625,0.154258497436641,"6201",1
"CC","GO:0016235","aggresome","2/28","35/19520",0.00114652378291831,0.0540430617350595,0.0456504095227923,"29979/3304",2
"CC","GO:0005925","focal adhesion","4/28","416/19520",0.00277602274929368,0.0540430617350595,0.0456504095227923,"6201/5297/3304/9590",4
"CC","GO:0030055","cell-substrate junction","4/28","423/19520",0.00294798199163839,0.0540430617350595,0.0456504095227923,"6201/5297/3304/9590",4
"CC","GO:0018995","host cellular component","2/28","60/19520",0.00333599146512713,0.0540430617350595,0.0456504095227923,"129401/5297",2
"CC","GO:0043657","host cell","2/28","60/19520",0.00333599146512713,0.0540430617350595,0.0456504095227923,"129401/5297",2
"CC","GO:0016234","inclusion body","2/28","74/19520",0.00502805515831399,0.0678787446372389,0.0573374711035806,"29979/3304",2
"CC","GO:1905368","peptidase complex","2/28","92/19520",0.00766956578317236,0.0887478326338516,0.074965680587399,"29979/90701",2
"CC","GO:0005652","nuclear lamina","1/28","10/19520",0.0142552899747872,0.14433481099472,0.121920243205417,"129401",1
"CC","GO:0044615","nuclear pore nuclear basket","1/28","12/19520",0.0170827376850666,0.149797570937631,0.126534660311189,"129401",1
"CC","GO:0098992","neuronal dense core vesicle","1/28","13/19520",0.0184935272762508,0.149797570937631,0.126534660311189,"7857",1
"MF","GO:0015924","mannosyl-oligosaccharide mannosidase activity","1/28","10/18337",0.0151688734696445,0.161498021688016,0.123280932586271,"4121",1
"MF","GO:0035374","chondroitin sulfate binding","1/28","10/18337",0.0151688734696445,0.161498021688016,0.123280932586271,"1809",1
"MF","GO:0015166","polyol transmembrane transporter activity","1/28","11/18337",0.0166734989698825,0.161498021688016,0.123280932586271,"360",1
"MF","GO:0008179","adenylate cyclase binding","1/28","12/18337",0.0181759076803939,0.161498021688016,0.123280932586271,"9590",1
"MF","GO:0015250","water channel activity","1/28","12/18337",0.0181759076803939,0.161498021688016,0.123280932586271,"360",1
"MF","GO:0016840","carbon-nitrogen lyase activity","1/28","13/18337",0.0196761027464217,0.161498021688016,0.123280932586271,"5066",1
"MF","GO:0031005","filamin binding","1/28","13/18337",0.0196761027464217,0.161498021688016,0.123280932586271,"1809",1
"MF","GO:0070700","BMP receptor binding","1/28","13/18337",0.0196761027464217,0.161498021688016,0.123280932586271,"653",1
"MF","GO:0019842","vitamin binding","2/28","145/18337",0.0205201976169811,0.161498021688016,0.123280932586271,"84680/5066",2
"MF","GO:0005372","water transmembrane transporter activity","1/28","14/18337",0.021174087308913,0.161498021688016,0.123280932586271,"360",1
"MF","GO:0004559","alpha-mannosidase activity","1/28","15/18337",0.0226698645045333,0.161498021688016,0.123280932586271,"4121",1
"MF","GO:0005159","insulin-like growth factor receptor binding","1/28","16/18337",0.0241634374656663,0.161498021688016,0.123280932586271,"2778",1
"MF","GO:0015923","mannosidase activity","1/28","16/18337",0.0241634374656663,0.161498021688016,0.123280932586271,"4121",1
"MF","GO:0050780","dopamine receptor binding","1/28","16/18337",0.0241634374656663,0.161498021688016,0.123280932586271,"2778",1
"MF","GO:0052742","phosphatidylinositol kinase activity","1/28","17/18337",0.0256548093204207,0.161498021688016,0.123280932586271,"5297",1
"MF","GO:0055106","ubiquitin-protein transferase regulator activity","1/28","18/18337",0.0271439831926383,0.161498021688016,0.123280932586271,"6201",1
"MF","GO:0031683","G-protein beta/gamma-subunit complex binding","1/28","19/18337",0.0286309622018968,0.161498021688016,0.123280932586271,"2778",1
"MF","GO:0031418","L-ascorbic acid binding","1/28","20/18337",0.0301157494635165,0.161498021688016,0.123280932586271,"5066",1
"MF","GO:0031690","adrenergic receptor binding","1/28","20/18337",0.0301157494635165,0.161498021688016,0.123280932586271,"2778",1
"MF","GO:0005385","zinc ion transmembrane transporter activity","1/28","21/18337",0.0315983480885658,0.161498021688016,0.123280932586271,"25800",1
"MF","GO:0051428","peptide hormone receptor binding","1/28","21/18337",0.0315983480885658,0.161498021688016,0.123280932586271,"2778",1
"MF","GO:0005242","inward rectifier potassium channel activity","1/28","22/18337",0.0330787611838661,0.161498021688016,0.123280932586271,"6833",1
"MF","GO:0030215","semaphorin receptor binding","1/28","23/18337",0.0345569918519987,0.161498021688016,0.123280932586271,"9723",1
"MF","GO:0035255","ionotropic glutamate receptor binding","1/28","23/18337",0.0345569918519987,0.161498021688016,0.123280932586271,"2778",1
"MF","GO:0070003","threonine-type peptidase activity","1/28","24/18337",0.0360330431913098,0.161498021688016,0.123280932586271,"80150",1
"MF","GO:0070696","transmembrane receptor protein serine/threonine kinase binding","1/28","24/18337",0.0360330431913098,0.161498021688016,0.123280932586271,"653",1
"MF","GO:0048018","receptor ligand activity","3/28","486/18337",0.0371126687188572,0.161498021688016,0.123280932586271,"7857/653/9723",3
"MF","GO:0008266","poly(U) RNA binding","1/28","25/18337",0.0375069182959152,0.161498021688016,0.123280932586271,"6201",1
"MF","GO:0030546","signaling receptor activator activity","3/28","492/18337",0.0382750570140813,0.161498021688016,0.123280932586271,"7857/653/9723",3
"MF","GO:0048027","mRNA 5'-UTR binding","1/28","26/18337",0.0389786202557076,0.161498021688016,0.123280932586271,"6201",1
"MF","GO:0045499","chemorepellent activity","1/28","27/18337",0.0404481521563592,0.161498021688016,0.123280932586271,"9723",1
"MF","GO:0008187","poly-pyrimidine tract binding","1/28","28/18337",0.0419155170793323,0.161498021688016,0.123280932586271,"6201",1
"MF","GO:0017056","structural constituent of nuclear pore","1/28","28/18337",0.0419155170793323,0.161498021688016,0.123280932586271,"129401",1
"MF","GO:0033612","receptor serine/threonine kinase binding","1/28","28/18337",0.0419155170793323,0.161498021688016,0.123280932586271,"653",1
"MF","GO:0051787","misfolded protein binding","1/28","29/18337",0.043380718101877,0.162367830609883,0.123944908862506,"3304",1
"MF","GO:0005125","cytokine activity","2/28","235/18337",0.0496970495689401,0.175810926381689,0.134206814031823,"7857/653",2
"MF","GO:0044183","protein folding chaperone","1/28","36/18337",0.0535767936559143,0.175810926381689,0.134206814031823,"3304",1
"MF","GO:0015144","carbohydrate transmembrane transporter activity","1/28","37/18337",0.0550247937530476,0.175810926381689,0.134206814031823,"360",1
"MF","GO:0042056","chemoattractant activity","1/28","37/18337",0.0550247937530476,0.175810926381689,0.134206814031823,"7857",1
"MF","GO:0046915","transition metal ion transmembrane transporter activity","1/28","37/18337",0.0550247937530476,0.175810926381689,0.134206814031823,"25800",1
"MF","GO:0071855","neuropeptide receptor binding","1/28","37/18337",0.0550247937530476,0.175810926381689,0.134206814031823,"2778",1
"MF","GO:0035254","glutamate receptor binding","1/28","41/18337",0.0607954605397815,0.189623936445509,0.144751096523289,"2778",1
"MF","GO:0019829","ATPase-coupled cation transmembrane transporter activity","1/28","44/18337",0.0651011451094012,0.19833139556585,0.151398011882328,"6833",1
"MF","GO:0042625","ATPase-coupled ion transmembrane transporter activity","1/28","46/18337",0.067961020303819,0.199531284549339,0.152313957671251,"6833",1
"MF","GO:0001664","G protein-coupled receptor binding","2/28","289/18337",0.0715538790520273,0.199531284549339,0.152313957671251,"2778/3304",2
"MF","GO:1901618","organic hydroxy compound transmembrane transporter activity","1/28","49/18337",0.0722350214076662,0.199531284549339,0.152313957671251,"360",1
"MF","GO:0031593","polyubiquitin modification-dependent protein binding","1/28","51/18337",0.0750738492846703,0.199531284549339,0.152313957671251,"29979",1
"MF","GO:0051018","protein kinase A binding","1/28","51/18337",0.0750738492846703,0.199531284549339,0.152313957671251,"9590",1
"MF","GO:0050661","NADP binding","1/28","53/18337",0.0779043000683685,0.199531284549339,0.152313957671251,"23530",1
"MF","GO:0051287","NAD binding","1/28","53/18337",0.0779043000683685,0.199531284549339,0.152313957671251,"23530",1
"MF","GO:0030170","pyridoxal phosphate binding","1/28","55/18337",0.0807263975657632,0.199531284549339,0.152313957671251,"84680",1
"MF","GO:0042887","amide transmembrane transporter activity","1/28","55/18337",0.0807263975657632,0.199531284549339,0.152313957671251,"360",1
"MF","GO:0070279","vitamin B6 binding","1/28","55/18337",0.0807263975657632,0.199531284549339,0.152313957671251,"84680",1
